IPv4-адрес,Критерий доступности,Сумма чисел
8.8.8.8,port_443_open,32
1.1.1.0,port_80_open,3
1.1.1.1,port_80_open,4
1.1.1.2,port_80_open,5
1.1.1.3,port_80_open,6
1.1.1.4,port_80_open,7
1.1.1.5,port_80_open,8
1.1.1.6,port_80_open,9
1.1.1.7,port_80_open,10
1.1.1.8,port_80_open,11
1.1.1.9,port_80_open,12
1.1.1.10,port_80_open,13
1.1.1.11,port_80_open,14
1.1.1.12,port_80_open,15
1.1.1.13,port_80_open,16
1.1.1.14,port_80_open,17
1.1.1.15,port_80_open,18
1.1.1.16,port_80_open,19
1.1.1.17,port_80_open,20
1.1.1.18,port_80_open,21
1.1.1.19,port_80_open,22
1.1.1.20,port_80_open,23
1.1.1.21,port_80_open,24
1.1.1.22,port_80_open,25
1.1.1.23,port_80_open,26
1.1.1.24,port_80_open,27
1.1.1.25,port_80_open,28
1.1.1.26,port_80_open,29
1.1.1.27,port_80_open,30
1.1.1.28,port_80_open,31
1.1.1.29,port_80_open,32
1.1.1.30,port_80_open,33
1.1.1.31,port_80_open,34
1.1.1.32,port_80_open,35
1.1.1.33,port_80_open,36
1.1.1.34,port_80_open,37
1.1.1.35,port_80_open,38
1.1.1.36,port_80_open,39
1.1.1.37,port_80_open,40
1.1.1.38,port_80_open,41
1.1.1.39,port_80_open,42
1.1.1.40,port_80_open,43
1.1.1.41,port_80_open,44
1.1.1.42,port_80_open,45
1.1.1.43,port_80_open,46
1.1.1.44,port_80_open,47
1.1.1.45,port_80_open,48
1.1.1.46,port_80_open,49
1.1.1.47,port_80_open,50
1.1.1.48,port_80_open,51
1.1.1.49,port_80_open,52
1.1.1.50,port_80_open,53
1.1.1.51,port_80_open,54
1.1.1.52,port_80_open,55
1.1.1.53,port_80_open,56
1.1.1.54,port_80_open,57
1.1.1.55,port_80_open,58
1.1.1.56,port_80_open,59
1.1.1.57,port_80_open,60
1.1.1.58,port_80_open,61
1.1.1.59,port_80_open,62
1.1.1.60,port_80_open,63
1.1.1.61,port_80_open,64
1.1.1.62,port_80_open,65
1.1.1.63,port_80_open,66
1.1.1.64,port_80_open,67
1.1.1.65,port_80_open,68
1.1.1.66,port_80_open,69
1.1.1.67,port_80_open,70
1.1.1.68,port_80_open,71
1.1.1.69,port_80_open,72
1.1.1.70,port_80_open,73
1.1.1.71,port_80_open,74
1.1.1.72,port_80_open,75
1.1.1.73,port_80_open,76
1.1.1.74,port_80_open,77
1.1.1.75,port_80_open,78
1.1.1.76,port_80_open,79
1.1.1.77,port_80_open,80
1.1.1.78,port_80_open,81
1.1.1.79,port_80_open,82
1.1.1.80,port_80_open,83
1.1.1.81,port_80_open,84
1.1.1.82,port_80_open,85
1.1.1.83,port_80_open,86
1.1.1.84,port_80_open,87
1.1.1.85,port_80_open,88
1.1.1.86,port_80_open,89
1.1.1.87,port_80_open,90
1.1.1.88,port_80_open,91
1.1.1.89,port_80_open,92
1.1.1.90,port_80_open,93
1.1.1.91,port_80_open,94
1.1.1.92,port_80_open,95
1.1.1.93,port_80_open,96
1.1.1.94,port_80_open,97
1.1.1.95,port_80_open,98
1.1.1.96,port_80_open,99
1.1.1.97,port_80_open,100
1.1.1.98,port_80_open,101
1.1.1.99,port_80_open,102
1.1.1.100,port_80_open,103
1.1.1.101,port_80_open,104
1.1.1.102,port_80_open,105
1.1.1.103,port_80_open,106
1.1.1.104,port_80_open,107
1.1.1.105,port_80_open,108
1.1.1.106,port_80_open,109
1.1.1.107,port_80_open,110
1.1.1.108,port_80_open,111
1.1.1.109,port_80_open,112
1.1.1.110,port_80_open,113
1.1.1.111,port_80_open,114
1.1.1.112,port_80_open,115
1.1.1.113,port_80_open,116
1.1.1.114,port_80_open,117
1.1.1.115,port_80_open,118
1.1.1.116,port_80_open,119
1.1.1.117,port_80_open,120
1.1.1.118,port_80_open,121
1.1.1.119,port_80_open,122
1.1.1.120,port_80_open,123
1.1.1.121,port_80_open,124
1.1.1.122,port_80_open,125
1.1.1.123,port_80_open,126
1.1.1.124,port_80_open,127
1.1.1.125,port_80_open,128
1.1.1.126,port_80_open,129
1.1.1.127,port_80_open,130
1.1.1.128,port_80_open,131
1.1.1.129,port_80_open,132
1.1.1.130,port_80_open,133
1.1.1.131,port_80_open,134
1.1.1.132,port_80_open,135
1.1.1.133,port_80_open,136
1.1.1.134,port_80_open,137
1.1.1.135,port_80_open,138
1.1.1.136,port_80_open,139
1.1.1.137,port_80_open,140
1.1.1.138,port_80_open,141
1.1.1.139,port_80_open,142
1.1.1.140,port_80_open,143
1.1.1.141,port_80_open,144
1.1.1.142,port_80_open,145
1.1.1.143,port_80_open,146
1.1.1.144,port_80_open,147
1.1.1.145,port_80_open,148
1.1.1.146,port_80_open,149
1.1.1.147,port_80_open,150
1.1.1.148,port_80_open,151
1.1.1.149,port_80_open,152
1.1.1.150,port_80_open,153
1.1.1.151,port_80_open,154
1.1.1.152,port_80_open,155
1.1.1.153,port_80_open,156
1.1.1.154,port_80_open,157
1.1.1.155,port_80_open,158
1.1.1.156,port_80_open,159
1.1.1.157,port_80_open,160
1.1.1.158,port_80_open,161
1.1.1.159,port_80_open,162
1.1.1.160,port_80_open,163
1.1.1.161,port_80_open,164
1.1.1.162,port_80_open,165
1.1.1.163,port_80_open,166
1.1.1.164,port_80_open,167
1.1.1.165,port_80_open,168
1.1.1.166,port_80_open,169
1.1.1.167,port_80_open,170
1.1.1.168,port_80_open,171
1.1.1.169,port_80_open,172
1.1.1.170,port_80_open,173
1.1.1.171,port_80_open,174
1.1.1.172,port_80_open,175
1.1.1.173,port_80_open,176
1.1.1.174,port_80_open,177
1.1.1.175,port_80_open,178
1.1.1.176,port_80_open,179
1.1.1.177,port_80_open,180
1.1.1.178,port_80_open,181
1.1.1.179,port_80_open,182
1.1.1.180,port_80_open,183
1.1.1.181,port_80_open,184
1.1.1.182,port_80_open,185
1.1.1.183,port_80_open,186
1.1.1.184,port_80_open,187
1.1.1.185,port_80_open,188
1.1.1.186,port_80_open,189
1.1.1.187,port_80_open,190
1.1.1.188,port_80_open,191
1.1.1.189,port_80_open,192
1.1.1.190,port_80_open,193
1.1.1.191,port_80_open,194
1.1.1.192,port_80_open,195
1.1.1.193,port_80_open,196
1.1.1.194,port_80_open,197
1.1.1.195,port_80_open,198
1.1.1.196,port_80_open,199
1.1.1.197,port_80_open,200
1.1.1.198,port_80_open,201
1.1.1.199,port_80_open,202
172.217.0.80,port_80_open,469
172.217.0.160,port_80_open,549
172.217.0.180,port_80_open,569
172.217.1.4,port_80_open,394
172.217.1.24,port_80_open,414
172.217.1.104,port_80_open,494
172.217.1.204,port_443_open,594
172.217.2.48,port_80_open,439
172.217.2.108,port_443_open,499
172.217.2.128,port_80_open,519
172.217.2.148,port_80_open,539
172.217.2.208,port_80_open,599
172.217.3.12,port_443_open,404
172.217.3.72,port_80_open,464
172.217.3.132,port_80_open,524
172.217.3.152,port_80_open,544
172.217.4.36,port_80_open,429
172.217.4.56,port_80_open,449
172.217.4.76,port_443_open,469
172.217.4.96,port_80_open,489
172.217.4.116,port_80_open,509
172.217.4.176,port_80_open,569
172.217.4.196,port_80_open,589
172.217.4.216,port_80_open,609
172.217.5.0,port_80_open,394
172.217.5.20,port_80_open,414
172.217.7.48,port_80_open,444
172.217.12.8,port_80_open,409
172.217.12.108,port_443_open,509
172.217.12.128,port_80_open,529
172.217.12.148,port_80_open,549
172.217.13.12,port_443_open,414
172.217.14.76,port_443_open,479
172.217.14.96,port_80_open,499
172.217.14.116,port_80_open,519
172.217.14.196,port_80_open,599
172.217.14.216,port_80_open,619
172.217.14.236,port_443_open,639
172.217.15.0,port_80_open,404
172.217.15.20,port_80_open,424
104.16.0.0,port_80_open,120
104.16.1.71,port_80_open,192
104.16.2.142,port_80_open,264
104.16.3.213,port_80_open,336
104.16.5.28,port_80_open,153
104.16.6.99,port_80_open,225
104.16.7.170,port_80_open,297
104.16.8.241,port_80_open,369
104.16.10.56,port_80_open,186
104.16.11.127,port_80_open,258
104.16.12.198,port_80_open,330
104.16.14.13,port_80_open,147
104.16.15.84,port_80_open,219
104.16.16.155,port_80_open,291
104.16.17.226,port_80_open,363
104.16.19.41,port_80_open,180
104.16.20.112,port_80_open,252
104.16.21.183,port_80_open,324
104.16.22.254,port_80_open,396
104.16.24.69,port_80_open,213
104.16.25.140,port_80_open,285
104.16.26.211,port_80_open,357
104.16.28.26,port_80_open,174
104.16.29.97,port_80_open,246
104.16.30.168,port_80_open,318
104.16.31.239,port_80_open,390
104.16.33.54,port_80_open,207
104.16.34.125,port_80_open,279
104.16.35.196,port_80_open,351
104.16.37.11,port_80_open,168
104.16.38.82,port_80_open,240
104.16.39.153,port_80_open,312
104.16.40.224,port_80_open,384
104.16.42.39,port_80_open,201
104.16.43.110,port_80_open,273
104.16.44.181,port_80_open,345
104.16.45.252,port_80_open,417
104.16.47.67,port_80_open,234
104.16.48.138,port_80_open,306
104.16.49.209,port_80_open,378
104.16.51.24,port_80_open,195
104.16.52.95,port_80_open,267
104.16.53.166,port_80_open,339
104.16.54.237,port_80_open,411
104.16.56.52,port_80_open,228
104.16.57.123,port_80_open,300
104.16.58.194,port_80_open,372
104.16.60.9,port_80_open,189
104.16.61.80,port_80_open,261
104.16.62.151,port_80_open,333
104.16.63.222,port_80_open,405
104.16.65.37,port_80_open,222
104.16.66.108,port_80_open,294
104.16.67.179,port_80_open,366
104.16.68.250,port_80_open,438
104.16.70.65,port_80_open,255
104.16.71.136,port_80_open,327
104.16.72.207,port_80_open,399
104.16.74.22,port_80_open,216
104.16.75.93,port_80_open,288
104.16.76.164,port_80_open,360
104.16.77.235,port_80_open,432
104.16.79.50,port_80_open,249
104.16.80.121,port_80_open,321
104.16.81.192,port_80_open,393
104.16.83.7,port_80_open,210
104.16.84.78,port_80_open,282
104.16.85.149,port_80_open,354
104.16.86.220,port_80_open,426
104.16.88.35,port_80_open,243
104.16.89.106,port_80_open,315
104.16.90.177,port_80_open,387
104.16.91.248,port_80_open,459
104.16.93.63,port_80_open,276
104.16.94.134,port_80_open,348
104.16.95.205,port_80_open,420
104.16.97.20,port_80_open,237
104.16.98.91,port_80_open,309
104.16.99.162,port_80_open,381
104.16.100.233,port_80_open,453
104.16.102.48,port_80_open,270
104.16.103.119,port_80_open,342
104.16.104.190,port_80_open,414
104.16.106.5,port_80_open,231
104.16.107.76,port_80_open,303
104.16.108.147,port_80_open,375
104.16.109.218,port_80_open,447
104.16.111.33,port_80_open,264
104.16.112.104,port_80_open,336
104.16.113.175,port_80_open,408
104.16.114.246,port_80_open,480
104.16.116.61,port_80_open,297
104.16.117.132,port_80_open,369
104.16.118.203,port_80_open,441
104.16.120.18,port_80_open,258
104.16.121.89,port_80_open,330
104.16.122.160,port_80_open,402
104.16.123.231,port_80_open,474
104.16.125.46,port_80_open,291
104.16.126.117,port_80_open,363
104.16.127.188,port_80_open,435
104.16.129.3,port_80_open,252
104.16.130.74,port_80_open,324
104.16.131.145,port_80_open,396
104.16.132.216,port_80_open,468
104.16.134.31,port_80_open,285
104.16.135.102,port_80_open,357
104.16.136.173,port_80_open,429
104.16.137.244,port_80_open,501
104.16.139.59,port_80_open,318
104.16.140.130,port_80_open,390
104.16.141.201,port_80_open,462
104.16.143.16,port_80_open,279
104.16.144.87,port_80_open,351
104.16.145.158,port_80_open,423
104.16.146.229,port_80_open,495
104.16.148.44,port_80_open,312
104.16.149.115,port_80_open,384
104.16.150.186,port_80_open,456
104.16.152.1,port_80_open,273
104.16.153.72,port_80_open,345
104.16.154.143,port_80_open,417
104.16.155.214,port_80_open,489
104.16.157.29,port_80_open,306
104.16.158.100,port_80_open,378
104.16.159.171,port_80_open,450
104.16.160.242,port_80_open,522
104.16.162.57,port_80_open,339
104.16.163.128,port_80_open,411
104.16.164.199,port_80_open,483
104.16.166.14,port_80_open,300
104.16.167.85,port_80_open,372
104.16.168.156,port_80_open,444
104.16.169.227,port_80_open,516
104.16.171.42,port_80_open,333
104.16.172.113,port_80_open,405
104.16.173.184,port_80_open,477
104.16.174.255,port_80_open,549
104.16.176.70,port_80_open,366
104.16.177.141,port_80_open,438
104.16.178.212,port_80_open,510
104.16.180.27,port_80_open,327
104.16.181.98,port_80_open,399
104.16.182.169,port_80_open,471
104.16.183.240,port_80_open,543
104.16.185.55,port_80_open,360
104.16.186.126,port_80_open,432
104.16.187.197,port_80_open,504
104.16.189.12,port_80_open,321
104.16.190.83,port_80_open,393
104.16.191.154,port_80_open,465
104.16.192.225,port_80_open,537
104.16.194.40,port_80_open,354
104.16.195.111,port_80_open,426
104.16.196.182,port_80_open,498
104.16.197.253,port_80_open,570
104.16.199.68,port_80_open,387
104.16.200.139,port_80_open,459
104.16.201.210,port_80_open,531
104.16.203.25,port_80_open,348
104.16.204.96,port_80_open,420
104.16.205.167,port_80_open,492
104.16.206.238,port_80_open,564
104.16.208.53,port_80_open,381
104.16.209.124,port_80_open,453
104.16.210.195,port_80_open,525
104.16.212.10,port_80_open,342
104.16.213.81,port_80_open,414
104.16.214.152,port_80_open,486
104.16.215.223,port_80_open,558
104.16.217.38,port_80_open,375
104.16.218.109,port_80_open,447
104.16.219.180,port_80_open,519
104.16.220.251,port_80_open,591
104.16.222.66,port_80_open,408
104.16.223.137,port_80_open,480
104.16.224.208,port_80_open,552
104.16.226.23,port_80_open,369
104.16.227.94,port_80_open,441
104.16.228.165,port_80_open,513
104.16.229.236,port_80_open,585
104.16.231.51,port_80_open,402
104.16.232.122,port_80_open,474
104.16.233.193,port_80_open,546
104.16.235.8,port_80_open,363
104.16.236.79,port_80_open,435
104.16.237.150,port_80_open,507
104.16.238.221,port_80_open,579
104.16.240.36,port_80_open,396
104.16.241.107,port_80_open,468
104.16.242.178,port_80_open,540
104.16.243.249,port_80_open,612
104.16.245.64,port_80_open,429
104.16.246.135,port_80_open,501
104.16.247.206,port_80_open,573
104.16.249.21,port_80_open,390
104.16.250.92,port_80_open,462
104.16.251.163,port_80_open,534
104.16.252.234,port_80_open,606
104.16.254.49,port_80_open,423
192.30.252.153,port_80_open,627
192.30.252.154,port_80_open,628
13.32.1.24,port_80_open,70
13.32.1.64,port_80_open,110
13.32.1.104,port_80_open,150
13.32.1.144,port_80_open,190
13.32.1.184,port_80_open,230
13.32.1.224,port_80_open,270
13.32.2.8,port_80_open,55
13.32.2.48,port_80_open,95
13.32.2.88,port_80_open,135
13.32.2.128,port_80_open,175
13.32.2.168,port_80_open,215
13.32.2.208,port_80_open,255
13.32.2.248,port_80_open,295
13.32.3.32,port_80_open,80
13.32.3.72,port_80_open,120
13.32.3.112,port_80_open,160
13.32.3.152,port_80_open,200
13.32.3.192,port_80_open,240
13.32.3.232,port_80_open,280
13.32.4.16,port_80_open,65
13.32.4.56,port_80_open,105
13.32.4.96,port_80_open,145
13.32.4.136,port_80_open,185
13.32.4.176,port_80_open,225
13.32.4.216,port_80_open,265
13.32.5.0,port_80_open,50
13.32.5.40,port_80_open,90
13.32.5.80,port_80_open,130
13.32.5.120,port_80_open,170
13.32.5.160,port_80_open,210
13.32.5.200,port_80_open,250
13.32.5.240,port_80_open,290
13.32.6.24,port_80_open,75
13.32.6.64,port_80_open,115
13.32.6.104,port_80_open,155
13.32.6.144,port_80_open,195
13.32.6.184,port_80_open,235
13.32.6.224,port_80_open,275
13.32.10.0,port_80_open,55
13.32.10.40,port_80_open,95
13.32.10.80,port_80_open,135
13.32.10.120,port_80_open,175
13.32.10.160,port_80_open,215
13.32.10.200,port_80_open,255
13.32.10.240,port_80_open,295
13.32.11.24,port_80_open,80
13.32.11.64,port_80_open,120
13.32.11.104,port_80_open,160
13.32.11.144,port_80_open,200
13.32.11.184,port_80_open,240
13.32.11.224,port_80_open,280
13.32.12.8,port_80_open,65
13.32.12.48,port_80_open,105
13.32.12.88,port_80_open,145
13.32.12.128,port_80_open,185
13.32.12.168,port_80_open,225
13.32.12.208,port_80_open,265
13.32.12.248,port_80_open,305
13.32.13.32,port_80_open,90
13.32.13.72,port_80_open,130
13.32.13.112,port_80_open,170
13.32.13.152,port_80_open,210
13.32.13.192,port_80_open,250
13.32.13.232,port_80_open,290
13.32.14.16,port_80_open,75
13.32.14.56,port_80_open,115
13.32.14.96,port_80_open,155
13.32.14.136,port_80_open,195
13.32.14.176,port_80_open,235
13.32.14.216,port_80_open,275
13.32.15.0,port_80_open,60
13.32.15.40,port_80_open,100
13.32.15.80,port_80_open,140
13.32.15.120,port_80_open,180
13.32.15.160,port_80_open,220
13.32.15.200,port_80_open,260
13.32.15.240,port_80_open,300
13.32.16.24,port_80_open,85
13.32.16.64,port_80_open,125
13.32.16.104,port_80_open,165
13.32.16.144,port_80_open,205
13.32.16.184,port_80_open,245
13.32.16.224,port_80_open,285
13.32.18.32,port_80_open,95
13.32.18.72,port_80_open,135
13.32.18.112,port_80_open,175
13.32.18.152,port_80_open,215
13.32.18.192,port_80_open,255
13.32.18.232,port_80_open,295
13.32.19.16,port_80_open,80
13.32.19.56,port_80_open,120
13.32.19.96,port_80_open,160
13.32.19.136,port_80_open,200
13.32.19.176,port_80_open,240
13.32.19.216,port_80_open,280
13.32.20.0,port_80_open,65
13.32.20.40,port_80_open,105
13.32.20.80,port_80_open,145
13.32.20.120,port_80_open,185
13.32.20.160,port_80_open,225
13.32.20.200,port_80_open,265
13.32.20.240,port_80_open,305
13.32.21.24,port_80_open,90
13.32.21.64,port_80_open,130
13.32.21.104,port_80_open,170
13.32.21.144,port_80_open,210
13.32.21.184,port_80_open,250
13.32.21.224,port_80_open,290
13.32.22.8,port_80_open,75
13.32.22.48,port_80_open,115
13.32.22.88,port_80_open,155
13.32.22.128,port_80_open,195
13.32.22.168,port_80_open,235
13.32.22.208,port_80_open,275
13.32.22.248,port_80_open,315
13.32.23.32,port_80_open,100
13.32.23.72,port_80_open,140
13.32.23.112,port_80_open,180
13.32.23.152,port_80_open,220
13.32.23.192,port_80_open,260
13.32.23.232,port_80_open,300
13.32.24.16,port_80_open,85
13.32.24.56,port_80_open,125
13.32.24.96,port_80_open,165
13.32.24.136,port_80_open,205
13.32.24.176,port_80_open,245
13.32.24.216,port_80_open,285
13.32.25.0,port_80_open,70
13.32.25.40,port_80_open,110
13.32.25.80,port_80_open,150
13.32.25.120,port_80_open,190
13.32.25.160,port_80_open,230
13.32.25.200,port_80_open,270
13.32.25.240,port_80_open,310
13.32.26.24,port_80_open,95
13.32.26.64,port_80_open,135
13.32.26.104,port_80_open,175
13.32.26.144,port_80_open,215
13.32.26.184,port_80_open,255
13.32.26.224,port_80_open,295
13.32.27.8,port_80_open,80
13.32.27.48,port_80_open,120
13.32.27.88,port_80_open,160
13.32.27.128,port_80_open,200
13.32.27.168,port_80_open,240
13.32.27.208,port_80_open,280
13.32.27.248,port_80_open,320
13.32.28.32,port_80_open,105
13.32.28.72,port_80_open,145
13.32.28.112,port_80_open,185
13.32.28.152,port_80_open,225
13.32.28.192,port_80_open,265
13.32.28.232,port_80_open,305
13.32.29.16,port_80_open,90
13.32.29.56,port_80_open,130
13.32.29.96,port_80_open,170
13.32.29.136,port_80_open,210
13.32.29.176,port_80_open,250
13.32.29.216,port_80_open,290
13.32.30.0,port_80_open,75
13.32.30.40,port_80_open,115
13.32.30.80,port_80_open,155
13.32.30.120,port_80_open,195
13.32.30.160,port_80_open,235
13.32.30.200,port_80_open,275
13.32.30.240,port_80_open,315
157.240.0.20,port_80_open,417
157.240.0.40,port_80_open,437
157.240.0.60,port_80_open,457
157.240.0.160,port_443_open,557
157.240.0.220,port_443_open,617
157.240.1.4,port_80_open,402
157.240.1.24,port_443_open,422
157.240.1.204,port_443_open,602
157.240.1.224,port_443_open,622
157.240.3.12,port_80_open,412
157.240.3.32,port_80_open,432
157.240.3.172,port_80_open,572
157.240.3.192,port_443_open,592
157.240.3.212,port_443_open,612
157.240.5.20,port_80_open,422
157.240.5.40,port_80_open,442
157.240.5.60,port_80_open,462
157.240.5.160,port_443_open,562
157.240.5.220,port_443_open,622
157.240.7.8,port_80_open,412
157.240.7.28,port_80_open,432
157.240.7.48,port_8080_open,452
157.240.7.128,port_443_open,532
157.240.7.168,port_443_open,572
157.240.7.208,port_443_open,612
157.240.8.12,port_443_open,417
157.240.8.32,port_443_open,437
157.240.8.52,port_80_open,457
157.240.8.172,port_80_open,577
157.240.8.192,port_443_open,597
157.240.9.16,port_443_open,422
157.240.9.36,port_80_open,442
157.240.9.56,port_80_open,462
157.240.9.196,port_443_open,602
157.240.11.4,port_80_open,412
157.240.11.204,port_443_open,612
157.240.11.224,port_443_open,632
157.240.12.8,port_443_open,417
157.240.12.48,port_8080_open,457
157.240.12.168,port_443_open,577
157.240.12.208,port_443_open,617
157.240.13.12,port_80_open,422
157.240.13.32,port_443_open,442
157.240.13.172,port_80_open,582
157.240.13.192,port_443_open,602
157.240.13.212,port_443_open,622
157.240.14.16,port_80_open,427
157.240.14.36,port_80_open,447
157.240.14.196,port_443_open,607
157.240.14.216,port_80_open,627
157.240.15.20,port_80_open,432
157.240.15.40,port_443_open,452
157.240.15.60,port_80_open,472
151.101.0.0,port_80_open,252
151.101.0.20,port_80_open,272
151.101.0.40,port_80_open,292
151.101.0.60,port_80_open,312
151.101.0.80,port_80_open,332
151.101.0.100,port_80_open,352
151.101.0.120,port_80_open,372
151.101.0.140,port_80_open,392
151.101.0.160,port_80_open,412
151.101.0.180,port_80_open,432
151.101.0.200,port_80_open,452
151.101.0.220,port_80_open,472
151.101.0.240,port_80_open,492
151.101.1.4,port_80_open,257
151.101.1.24,port_80_open,277
151.101.1.44,port_80_open,297
151.101.1.64,port_80_open,317
151.101.1.84,port_80_open,337
151.101.1.104,port_80_open,357
151.101.1.124,port_80_open,377
151.101.1.144,port_80_open,397
151.101.1.164,port_80_open,417
151.101.1.184,port_80_open,437
151.101.1.204,port_80_open,457
151.101.1.224,port_80_open,477
151.101.1.244,port_80_open,497
151.101.2.8,port_80_open,262
151.101.2.28,port_80_open,282
151.101.2.48,port_80_open,302
151.101.2.68,port_80_open,322
151.101.2.88,port_80_open,342
151.101.2.108,port_80_open,362
151.101.2.128,port_80_open,382
151.101.2.148,port_80_open,402
151.101.2.168,port_80_open,422
151.101.2.188,port_80_open,442
151.101.2.208,port_80_open,462
151.101.2.228,port_80_open,482
151.101.2.248,port_80_open,502
151.101.3.12,port_80_open,267
151.101.3.32,port_80_open,287
151.101.3.52,port_80_open,307
151.101.3.72,port_80_open,327
151.101.3.92,port_80_open,347
151.101.3.112,port_80_open,367
151.101.3.132,port_80_open,387
151.101.3.152,port_80_open,407
151.101.3.172,port_80_open,427
151.101.3.192,port_80_open,447
151.101.3.212,port_80_open,467
151.101.3.232,port_80_open,487
151.101.3.252,port_80_open,507
151.101.4.16,port_80_open,272
151.101.4.36,port_80_open,292
151.101.4.56,port_80_open,312
151.101.4.76,port_80_open,332
151.101.4.96,port_80_open,352
151.101.4.116,port_80_open,372
151.101.4.136,port_80_open,392
151.101.4.156,port_80_open,412
151.101.4.176,port_80_open,432
151.101.4.196,port_80_open,452
151.101.4.216,port_80_open,472
151.101.4.236,port_80_open,492
151.101.5.0,port_80_open,257
151.101.5.20,port_80_open,277
151.101.5.40,port_80_open,297
151.101.5.60,port_80_open,317
151.101.5.80,port_80_open,337
151.101.5.100,port_80_open,357
151.101.5.120,port_80_open,377
151.101.5.140,port_80_open,397
151.101.5.160,port_80_open,417
151.101.5.180,port_80_open,437
151.101.5.200,port_80_open,457
151.101.5.220,port_80_open,477
151.101.5.240,port_80_open,497
151.101.6.4,port_80_open,262
151.101.6.24,port_80_open,282
151.101.6.44,port_80_open,302
151.101.6.64,port_80_open,322
151.101.6.84,port_80_open,342
151.101.6.104,port_80_open,362
151.101.6.124,port_80_open,382
151.101.6.144,port_80_open,402
151.101.6.164,port_80_open,422
151.101.6.184,port_80_open,442
151.101.6.204,port_80_open,462
151.101.6.224,port_80_open,482
151.101.6.244,port_80_open,502
151.101.7.8,port_80_open,267
151.101.7.28,port_80_open,287
151.101.7.48,port_80_open,307
151.101.7.68,port_80_open,327
151.101.7.88,port_80_open,347
151.101.7.108,port_80_open,367
151.101.7.128,port_80_open,387
151.101.7.148,port_80_open,407
151.101.7.168,port_80_open,427
151.101.7.188,port_80_open,447
151.101.7.208,port_80_open,467
151.101.7.228,port_80_open,487
151.101.7.248,port_80_open,507
151.101.8.12,port_80_open,272
151.101.8.32,port_80_open,292
151.101.8.52,port_80_open,312
151.101.8.72,port_80_open,332
151.101.8.92,port_80_open,352
151.101.8.112,port_80_open,372
151.101.8.132,port_80_open,392
151.101.8.152,port_80_open,412
151.101.8.172,port_80_open,432
151.101.8.192,port_80_open,452
151.101.8.212,port_80_open,472
151.101.8.232,port_80_open,492
151.101.8.252,port_80_open,512
151.101.9.16,port_80_open,277
151.101.9.36,port_80_open,297
151.101.9.56,port_80_open,317
151.101.9.76,port_80_open,337
151.101.9.96,port_80_open,357
151.101.9.116,port_80_open,377
151.101.9.136,port_80_open,397
151.101.9.156,port_80_open,417
151.101.9.176,port_80_open,437
151.101.9.196,port_80_open,457
151.101.9.216,port_80_open,477
151.101.9.236,port_80_open,497
151.101.10.0,port_80_open,262
151.101.10.20,port_80_open,282
151.101.10.40,port_80_open,302
151.101.10.60,port_80_open,322
151.101.10.80,port_80_open,342
151.101.10.100,port_80_open,362
151.101.10.120,port_80_open,382
151.101.10.140,port_80_open,402
151.101.10.160,port_80_open,422
151.101.10.180,port_80_open,442
151.101.10.200,port_80_open,462
151.101.10.220,port_80_open,482
151.101.10.240,port_80_open,502
151.101.11.4,port_80_open,267
151.101.11.24,port_80_open,287
151.101.11.44,port_80_open,307
151.101.11.64,port_80_open,327
151.101.11.84,port_80_open,347
151.101.11.104,port_80_open,367
151.101.11.124,port_80_open,387
151.101.11.144,port_80_open,407
151.101.11.164,port_80_open,427
151.101.11.184,port_80_open,447
151.101.11.204,port_80_open,467
151.101.11.224,port_80_open,487
151.101.11.244,port_80_open,507
151.101.12.8,port_80_open,272
151.101.12.28,port_80_open,292
151.101.12.48,port_80_open,312
151.101.12.68,port_80_open,332
151.101.12.88,port_80_open,352
151.101.12.108,port_80_open,372
151.101.12.128,port_80_open,392
151.101.12.148,port_80_open,412
151.101.12.168,port_80_open,432
151.101.12.188,port_80_open,452
151.101.12.208,port_80_open,472
151.101.12.228,port_80_open,492
151.101.12.248,port_80_open,512
151.101.13.12,port_80_open,277
151.101.13.32,port_80_open,297
151.101.13.52,port_80_open,317
151.101.13.72,port_80_open,337
151.101.13.92,port_80_open,357
151.101.13.112,port_80_open,377
151.101.13.132,port_80_open,397
151.101.13.152,port_80_open,417
151.101.13.172,port_80_open,437
151.101.13.192,port_80_open,457
151.101.13.212,port_80_open,477
151.101.13.232,port_80_open,497
151.101.13.252,port_80_open,517
151.101.14.16,port_80_open,282
151.101.14.36,port_80_open,302
151.101.14.56,port_80_open,322
151.101.14.76,port_80_open,342
151.101.14.96,port_80_open,362
151.101.14.116,port_80_open,382
151.101.14.136,port_80_open,402
151.101.14.156,port_80_open,422
151.101.14.176,port_80_open,442
151.101.14.196,port_80_open,462
151.101.14.216,port_80_open,482
151.101.14.236,port_80_open,502
151.101.15.0,port_80_open,267
151.101.15.20,port_80_open,287
151.101.15.40,port_80_open,307
151.101.15.60,port_80_open,327
151.101.15.80,port_80_open,347
151.101.15.100,port_80_open,367
151.101.15.120,port_80_open,387
151.101.15.140,port_80_open,407
35.190.0.0,port_80_open,225
35.190.0.10,port_80_open,235
35.190.0.20,port_80_open,245
35.190.0.30,port_80_open,255
35.190.0.40,port_80_open,265
35.190.0.50,port_80_open,275
35.190.0.60,port_80_open,285
35.190.0.70,port_80_open,295
35.190.0.80,port_80_open,305
35.190.0.90,port_80_open,315
35.190.0.100,port_80_open,325
35.190.0.110,port_80_open,335
35.190.0.120,port_80_open,345
35.190.0.130,port_80_open,355
35.190.0.140,port_80_open,365
35.190.0.150,port_80_open,375
35.190.0.160,port_80_open,385
35.190.0.170,port_80_open,395
35.190.0.180,port_80_open,405
35.190.0.190,port_80_open,415
35.190.0.200,port_80_open,425
35.190.0.210,port_80_open,435
35.190.0.220,port_80_open,445
35.190.0.230,port_80_open,455
35.190.0.240,port_80_open,465
35.190.0.250,port_80_open,475
35.190.1.4,port_80_open,230
35.190.1.14,port_80_open,240
35.190.1.24,port_80_open,250
35.190.1.34,port_80_open,260
35.190.1.44,port_80_open,270
35.190.1.54,port_80_open,280
35.190.1.64,port_80_open,290
35.190.1.74,port_80_open,300
35.190.1.84,port_80_open,310
35.190.1.94,port_80_open,320
35.190.1.104,port_80_open,330
35.190.1.114,port_80_open,340
35.190.1.124,port_80_open,350
35.190.1.134,port_80_open,360
35.190.1.144,port_80_open,370
35.190.1.154,port_80_open,380
35.190.1.164,port_80_open,390
35.190.1.174,port_80_open,400
35.190.1.184,port_80_open,410
35.190.1.194,port_80_open,420
35.190.1.204,port_80_open,430
35.190.1.214,port_80_open,440
35.190.1.224,port_80_open,450
35.190.1.234,port_80_open,460
35.190.1.244,port_80_open,470
35.190.1.254,port_80_open,480
35.190.2.8,port_80_open,235
35.190.2.18,port_80_open,245
35.190.2.28,port_80_open,255
35.190.2.38,port_80_open,265
35.190.2.48,port_80_open,275
35.190.2.58,port_80_open,285
35.190.2.68,port_80_open,295
35.190.2.78,port_80_open,305
35.190.2.88,port_80_open,315
35.190.2.98,port_80_open,325
35.190.2.108,port_80_open,335
35.190.2.118,port_80_open,345
35.190.2.128,port_80_open,355
35.190.2.138,port_80_open,365
35.190.2.148,port_80_open,375
35.190.2.158,port_80_open,385
35.190.2.168,port_80_open,395
35.190.2.178,port_80_open,405
35.190.2.188,port_80_open,415
35.190.2.198,port_80_open,425
35.190.2.208,port_80_open,435
35.190.2.218,port_80_open,445
35.190.2.228,port_80_open,455
35.190.2.238,port_80_open,465
35.190.2.248,port_80_open,475
35.190.3.2,port_80_open,230
35.190.3.12,port_80_open,240
35.190.3.22,port_80_open,250
35.190.3.32,port_80_open,260
35.190.3.42,port_80_open,270
35.190.3.52,port_80_open,280
35.190.3.62,port_80_open,290
35.190.3.72,port_80_open,300
35.190.3.82,port_80_open,310
35.190.3.92,port_80_open,320
35.190.3.102,port_80_open,330
35.190.3.112,port_80_open,340
35.190.3.122,port_80_open,350
35.190.3.132,port_80_open,360
35.190.3.142,port_80_open,370
35.190.3.152,port_80_open,380
35.190.3.162,port_80_open,390
35.190.3.172,port_80_open,400
35.190.3.182,port_80_open,410
35.190.3.192,port_80_open,420
35.190.3.202,port_80_open,430
35.190.3.212,port_80_open,440
35.190.3.222,port_80_open,450
35.190.3.232,port_80_open,460
35.190.3.242,port_80_open,470
35.190.3.252,port_80_open,480
35.190.4.6,port_80_open,235
35.190.4.16,port_80_open,245
35.190.4.26,port_80_open,255
35.190.4.36,port_80_open,265
35.190.4.46,port_80_open,275
35.190.4.56,port_80_open,285
35.190.4.66,port_80_open,295
35.190.4.76,port_80_open,305
35.190.4.86,port_80_open,315
35.190.4.96,port_80_open,325
35.190.4.106,port_80_open,335
35.190.4.116,port_80_open,345
35.190.4.126,port_80_open,355
35.190.4.136,port_80_open,365
35.190.4.146,port_80_open,375
35.190.4.156,port_80_open,385
35.190.4.166,port_80_open,395
35.190.4.176,port_80_open,405
35.190.4.186,port_80_open,415
35.190.4.196,port_80_open,425
35.190.4.206,port_80_open,435
35.190.4.216,port_80_open,445
35.190.4.226,port_80_open,455
35.190.4.236,port_80_open,465
35.190.4.246,port_80_open,475
35.190.5.0,port_80_open,230
35.190.5.10,port_80_open,240
35.190.5.20,port_80_open,250
35.190.5.30,port_80_open,260
35.190.5.40,port_80_open,270
35.190.5.50,port_80_open,280
35.190.5.60,port_80_open,290
35.190.5.70,port_80_open,300
35.190.5.80,port_80_open,310
35.190.5.90,port_80_open,320
35.190.5.100,port_80_open,330
35.190.5.110,port_80_open,340
35.190.5.120,port_80_open,350
35.190.5.130,port_80_open,360
35.190.5.140,port_80_open,370
35.190.5.150,port_80_open,380
35.190.5.160,port_80_open,390
35.190.5.170,port_80_open,400
35.190.5.180,port_80_open,410
35.190.5.190,port_80_open,420
35.190.5.200,port_80_open,430
35.190.5.210,port_80_open,440
35.190.5.220,port_80_open,450
35.190.5.230,port_80_open,460
35.190.5.240,port_80_open,470
35.190.5.250,port_80_open,480
35.190.6.4,port_80_open,235
35.190.6.14,port_80_open,245
35.190.6.24,port_80_open,255
35.190.6.34,port_80_open,265
35.190.6.44,port_80_open,275
35.190.6.54,port_80_open,285
35.190.6.64,port_80_open,295
35.190.6.74,port_80_open,305
35.190.6.84,port_80_open,315
35.190.6.94,port_80_open,325
35.190.6.104,port_80_open,335
35.190.6.114,port_80_open,345
35.190.6.124,port_80_open,355
35.190.6.134,port_80_open,365
35.190.6.144,port_80_open,375
35.190.6.154,port_80_open,385
35.190.6.164,port_80_open,395
35.190.6.174,port_80_open,405
35.190.6.184,port_80_open,415
35.190.6.194,port_80_open,425
35.190.6.204,port_80_open,435
35.190.6.214,port_80_open,445
35.190.6.224,port_80_open,455
35.190.6.234,port_80_open,465
35.190.6.244,port_80_open,475
35.190.6.254,port_80_open,485
35.190.7.8,port_80_open,240
35.190.7.18,port_80_open,250
35.190.7.28,port_80_open,260
35.190.7.38,port_80_open,270
35.190.7.48,port_80_open,280
35.190.7.58,port_80_open,290
35.190.7.68,port_80_open,300
35.190.7.78,port_80_open,310
35.190.7.88,port_80_open,320
35.190.7.98,port_80_open,330
35.190.7.108,port_80_open,340
35.190.7.118,port_80_open,350
35.190.7.128,port_80_open,360
35.190.7.138,port_80_open,370
35.190.7.148,port_80_open,380
35.190.7.158,port_80_open,390
35.190.7.168,port_80_open,400
35.190.7.178,port_80_open,410
35.190.7.188,port_80_open,420
35.190.7.198,port_80_open,430
52.0.7.173,port_22_open,232
52.0.10.60,port_443_open,122
52.0.30.180,port_80_open,262
52.0.35.210,port_80_open,297
52.0.46.14,port_80_open,112
52.0.51.44,port_443_open,147
52.0.56.74,port_8080_open,182
52.0.63.247,port_80_open,362
52.0.92.28,port_443_open,172
52.0.94.171,port_80_open,317
52.0.107.118,port_80_open,277
52.0.110.5,port_80_open,167
52.0.120.65,port_80_open,237
52.0.127.238,port_22_open,417
52.0.130.125,port_80_open,307
52.0.150.245,port_80_open,447
52.0.161.49,port_443_open,262
52.0.168.222,port_80_open,442
52.0.184.56,port_80_open,292
52.0.237.243,port_80_open,532
52.0.240.130,port_80_open,422
52.0.250.190,port_80_open,492
52.1.2.107,port_80_open,162
52.1.7.137,port_80_open,197
52.1.20.84,port_443_open,157
52.1.33.31,port_80_open,117
52.1.45.234,port_80_open,332
52.1.51.8,port_80_open,112
52.1.58.181,port_80_open,292
52.1.63.211,port_443_open,327
52.1.74.15,port_80_open,142
52.1.84.75,port_443_open,212
52.1.94.135,port_443_open,282
52.1.102.52,port_80_open,207
52.1.112.112,port_443_open,277
52.1.117.142,port_443_open,312
52.1.120.29,port_80_open,202
52.1.125.59,port_80_open,237
52.1.135.119,port_80_open,307
52.1.140.149,port_80_open,342
52.1.143.36,port_443_open,232
52.1.155.239,port_80_open,447
52.1.161.13,port_80_open,227
52.1.163.156,port_8443_open,372
52.1.171.73,port_80_open,297
52.1.194.80,port_443_open,327
52.1.201.253,port_80_open,507
52.1.219.230,port_80_open,502
52.1.230.34,port_80_open,317
52.1.237.207,port_80_open,497
52.1.242.237,port_443_open,532
34.1.10.50,port_443_open,95
34.1.71.160,port_443_open,266
34.3.132.248,port_22_open,417
34.3.214.224,port_22_open,475
34.8.20.34,port_80_open,96
34.8.40.156,port_80_open,238
34.8.61.22,port_80_open,125
34.8.81.144,port_80_open,267
34.8.102.10,port_80_open,154
34.8.122.132,port_80_open,296
34.8.142.254,port_80_open,438
34.8.163.120,port_80_open,325
34.8.183.242,port_80_open,467
34.8.204.108,port_80_open,354
34.8.224.230,port_80_open,496
34.8.245.96,port_80_open,383
34.13.112.16,port_80_open,175
34.13.132.138,port_443_open,317
34.13.234.236,port_22_open,517
199.232.0.0,port_80_open,431
199.232.0.20,port_80_open,451
199.232.0.40,port_80_open,471
199.232.0.60,port_80_open,491
199.232.0.80,port_80_open,511
199.232.0.100,port_80_open,531
199.232.0.120,port_80_open,551
199.232.0.140,port_80_open,571
199.232.0.160,port_80_open,591
199.232.0.180,port_80_open,611
199.232.0.200,port_80_open,631
199.232.0.220,port_80_open,651
199.232.0.240,port_80_open,671
199.232.1.4,port_80_open,436
199.232.1.24,port_80_open,456
199.232.1.44,port_80_open,476
199.232.1.64,port_80_open,496
199.232.1.84,port_80_open,516
199.232.1.104,port_80_open,536
199.232.1.124,port_80_open,556
199.232.1.144,port_80_open,576
199.232.1.164,port_80_open,596
199.232.1.184,port_80_open,616
199.232.1.204,port_80_open,636
199.232.1.224,port_80_open,656
199.232.1.244,port_80_open,676
199.232.2.8,port_80_open,441
199.232.2.28,port_80_open,461
199.232.2.48,port_80_open,481
199.232.2.68,port_80_open,501
199.232.2.88,port_80_open,521
199.232.2.108,port_80_open,541
199.232.2.128,port_80_open,561
199.232.2.148,port_80_open,581
199.232.2.168,port_80_open,601
199.232.2.188,port_80_open,621
199.232.2.208,port_80_open,641
199.232.2.228,port_80_open,661
199.232.3.12,port_80_open,446
199.232.3.32,port_80_open,466
199.232.3.52,port_80_open,486
199.232.3.72,port_80_open,506
199.232.3.92,port_80_open,526
199.232.3.112,port_80_open,546
199.232.3.132,port_80_open,566
199.232.3.152,port_80_open,586
199.232.3.172,port_80_open,606
199.232.3.192,port_80_open,626
199.232.3.212,port_80_open,646
199.232.3.232,port_80_open,666
199.232.3.252,port_80_open,686
199.232.4.16,port_80_open,451
199.232.4.36,port_80_open,471
199.232.4.56,port_80_open,491
199.232.4.76,port_80_open,511
199.232.4.96,port_80_open,531
199.232.4.116,port_80_open,551
199.232.4.136,port_80_open,571
199.232.4.156,port_80_open,591
199.232.4.176,port_80_open,611
199.232.4.196,port_80_open,631
199.232.4.216,port_80_open,651
199.232.4.236,port_80_open,671
199.232.5.0,port_80_open,436
199.232.5.20,port_80_open,456
199.232.5.40,port_80_open,476
199.232.5.60,port_80_open,496
199.232.5.80,port_80_open,516
199.232.5.100,port_80_open,536
199.232.5.120,port_80_open,556
199.232.5.140,port_80_open,576
199.232.5.160,port_80_open,596
199.232.5.180,port_80_open,616
199.232.5.200,port_80_open,636
199.232.5.220,port_80_open,656
199.232.5.240,port_80_open,676
199.232.6.4,port_80_open,441
199.232.6.24,port_80_open,461
199.232.6.44,port_80_open,481
199.232.6.64,port_80_open,501
199.232.6.84,port_80_open,521
199.232.6.104,port_80_open,541
199.232.6.124,port_80_open,561
199.232.6.144,port_80_open,581
199.232.6.164,port_80_open,601
199.232.6.184,port_80_open,621
199.232.6.204,port_80_open,641
199.232.6.224,port_80_open,661
199.232.6.244,port_80_open,681
199.232.7.8,port_80_open,446
199.232.7.28,port_80_open,466
199.232.7.48,port_80_open,486
199.232.7.68,port_80_open,506
199.232.7.88,port_80_open,526
199.232.7.108,port_80_open,546
199.232.7.128,port_80_open,566
199.232.7.148,port_80_open,586
199.232.7.168,port_80_open,606
199.232.7.188,port_80_open,626
199.232.7.208,port_80_open,646
199.232.7.228,port_80_open,666
199.232.7.248,port_80_open,686
199.232.8.12,port_80_open,451
199.232.8.32,port_80_open,471
199.232.8.52,port_80_open,491
199.232.8.72,port_80_open,511
199.232.8.92,port_80_open,531
199.232.8.112,port_80_open,551
199.232.8.132,port_80_open,571
199.232.8.152,port_80_open,591
199.232.8.172,port_80_open,611
199.232.8.192,port_80_open,631
199.232.8.212,port_80_open,651
199.232.8.232,port_80_open,671
199.232.8.252,port_80_open,691
199.232.9.16,port_80_open,456
199.232.9.36,port_80_open,476
199.232.9.56,port_80_open,496
199.232.9.76,port_80_open,516
199.232.9.96,port_80_open,536
199.232.9.116,port_80_open,556
199.232.9.136,port_80_open,576
199.232.9.156,port_80_open,596
199.232.9.176,port_80_open,616
199.232.9.196,port_80_open,636
199.232.9.216,port_80_open,656
199.232.9.236,port_80_open,676
199.232.10.0,port_80_open,441
199.232.10.20,port_80_open,461
199.232.10.40,port_80_open,481
199.232.10.60,port_80_open,501
199.232.10.80,port_80_open,521
199.232.10.100,port_80_open,541
199.232.10.120,port_80_open,561
199.232.10.140,port_80_open,581
199.232.10.160,port_80_open,601
199.232.10.180,port_80_open,621
199.232.10.200,port_80_open,641
199.232.10.220,port_80_open,661
199.232.10.240,port_80_open,681
199.232.11.4,port_80_open,446
199.232.11.24,port_80_open,466
199.232.11.44,port_80_open,486
199.232.11.64,port_80_open,506
199.232.11.84,port_80_open,526
199.232.11.104,port_80_open,546
199.232.11.124,port_80_open,566
199.232.11.144,port_80_open,586
199.232.11.164,port_80_open,606
199.232.11.184,port_80_open,626
199.232.11.204,port_80_open,646
199.232.11.224,port_80_open,666
199.232.11.244,port_80_open,686
199.232.12.8,port_80_open,451
199.232.12.28,port_80_open,471
199.232.12.48,port_80_open,491
199.232.12.68,port_80_open,511
199.232.12.88,port_80_open,531
199.232.12.108,port_80_open,551
199.232.12.128,port_80_open,571
199.232.12.148,port_80_open,591
199.232.12.168,port_80_open,611
199.232.12.188,port_80_open,631
199.232.12.208,port_80_open,651
199.232.12.228,port_80_open,671
199.232.12.248,port_80_open,691
199.232.13.12,port_80_open,456
199.232.13.32,port_80_open,476
199.232.13.52,port_80_open,496
199.232.13.72,port_80_open,516
199.232.13.92,port_80_open,536
199.232.13.112,port_80_open,556
199.232.13.132,port_80_open,576
199.232.13.152,port_80_open,596
199.232.13.172,port_80_open,616
199.232.13.192,port_80_open,636
199.232.13.212,port_80_open,656
199.232.13.232,port_80_open,676
199.232.13.252,port_80_open,696
199.232.14.16,port_80_open,461
199.232.14.36,port_80_open,481
199.232.14.56,port_80_open,501
199.232.14.76,port_80_open,521
199.232.14.96,port_80_open,541
199.232.14.116,port_80_open,561
199.232.14.136,port_80_open,581
199.232.14.156,port_80_open,601
199.232.14.176,port_80_open,621
199.232.14.196,port_80_open,641
199.232.14.216,port_80_open,661
199.232.14.236,port_80_open,681
199.232.15.0,port_80_open,446
199.232.15.20,port_80_open,466
199.232.15.40,port_80_open,486
199.232.15.60,port_80_open,506
199.232.15.80,port_80_open,526
199.232.15.100,port_80_open,546
199.232.15.120,port_80_open,566
199.232.15.140,port_80_open,586
140.82.112.2,port_80_open,336
140.82.112.3,port_80_open,337
140.82.112.4,port_80_open,338
140.82.112.5,port_80_open,339
140.82.112.6,port_80_open,340
140.82.112.9,port_80_open,343
140.82.112.10,port_80_open,344
140.82.112.11,port_80_open,345
140.82.112.12,port_80_open,346
140.82.112.13,port_80_open,347
140.82.112.14,port_80_open,348
140.82.112.15,port_80_open,349
140.82.112.16,port_80_open,350
140.82.112.17,port_80_open,351
140.82.112.18,port_80_open,352
140.82.112.19,port_80_open,353
140.82.112.20,port_80_open,354
140.82.112.21,port_80_open,355
140.82.112.22,port_80_open,356
140.82.112.23,port_80_open,357
140.82.112.24,port_80_open,358
140.82.112.25,port_443_open,359
140.82.112.26,port_443_open,360
140.82.112.27,port_80_open,361
140.82.112.28,port_80_open,362
140.82.112.29,port_80_open,363
140.82.112.30,port_80_open,364
140.82.112.31,port_25_open,365
140.82.112.32,port_25_open,366
140.82.112.33,port_80_open,367
140.82.112.34,port_80_open,368
140.82.112.35,port_80_open,369
140.82.112.36,port_80_open,370
140.82.112.37,port_443_open,371
140.82.112.38,port_443_open,372
140.82.112.41,port_443_open,375
140.82.112.42,port_443_open,376
185.199.108.0,port_80_open,492
185.199.108.1,port_80_open,493
185.199.108.2,port_80_open,494
185.199.108.3,port_80_open,495
185.199.108.4,port_80_open,496
185.199.108.5,port_80_open,497
185.199.108.6,port_80_open,498
185.199.108.7,port_80_open,499
185.199.108.8,port_80_open,500
185.199.108.9,port_80_open,501
185.199.108.10,port_80_open,502
185.199.108.11,port_80_open,503
185.199.108.12,port_80_open,504
185.199.108.13,port_80_open,505
185.199.108.14,port_80_open,506
185.199.108.15,port_80_open,507
185.199.108.16,port_80_open,508
185.199.108.17,port_80_open,509
185.199.108.18,port_80_open,510
185.199.108.19,port_80_open,511
185.199.108.20,port_80_open,512
185.199.108.21,port_80_open,513
185.199.108.22,port_80_open,514
185.199.108.23,port_80_open,515
185.199.108.24,port_80_open,516
185.199.108.25,port_80_open,517
185.199.108.26,port_80_open,518
185.199.108.27,port_80_open,519
185.199.108.28,port_80_open,520
185.199.108.29,port_80_open,521
185.199.108.30,port_80_open,522
185.199.108.31,port_80_open,523
185.199.108.32,port_80_open,524
185.199.108.33,port_80_open,525
185.199.108.34,port_80_open,526
185.199.108.35,port_80_open,527
185.199.108.36,port_80_open,528
185.199.108.37,port_80_open,529
185.199.108.38,port_80_open,530
185.199.108.39,port_80_open,531
185.199.108.40,port_80_open,532
185.199.108.41,port_80_open,533
185.199.108.42,port_80_open,534
185.199.108.43,port_80_open,535
185.199.108.44,port_80_open,536
185.199.108.45,port_80_open,537
185.199.108.46,port_80_open,538
185.199.108.47,port_80_open,539
185.199.108.48,port_80_open,540
185.199.108.49,port_80_open,541
185.199.108.50,port_80_open,542
185.199.108.51,port_80_open,543
185.199.108.52,port_80_open,544
185.199.108.53,port_80_open,545
185.199.108.54,port_80_open,546
185.199.108.55,port_80_open,547
185.199.108.56,port_80_open,548
185.199.108.57,port_80_open,549
185.199.108.58,port_80_open,550
185.199.108.59,port_80_open,551
185.199.108.60,port_80_open,552
185.199.108.61,port_80_open,553
185.199.108.62,port_80_open,554
185.199.108.63,port_80_open,555
185.199.108.64,port_80_open,556
185.199.108.65,port_80_open,557
185.199.108.66,port_80_open,558
185.199.108.67,port_80_open,559
185.199.108.68,port_80_open,560
185.199.108.69,port_80_open,561
185.199.108.70,port_80_open,562
185.199.108.71,port_80_open,563
185.199.108.72,port_80_open,564
185.199.108.73,port_80_open,565
185.199.108.74,port_80_open,566
185.199.108.75,port_80_open,567
185.199.108.76,port_80_open,568
185.199.108.77,port_80_open,569
185.199.108.78,port_80_open,570
185.199.108.79,port_80_open,571
185.199.108.80,port_80_open,572
185.199.108.81,port_80_open,573
185.199.108.82,port_80_open,574
185.199.108.83,port_80_open,575
185.199.108.84,port_80_open,576
185.199.108.85,port_80_open,577
185.199.108.86,port_80_open,578
185.199.108.87,port_80_open,579
185.199.108.88,port_80_open,580
185.199.108.89,port_80_open,581
185.199.108.90,port_80_open,582
185.199.108.91,port_80_open,583
185.199.108.92,port_80_open,584
185.199.108.93,port_80_open,585
185.199.108.94,port_80_open,586
185.199.108.95,port_80_open,587
185.199.108.96,port_80_open,588
185.199.108.97,port_80_open,589
185.199.108.98,port_80_open,590
185.199.108.99,port_80_open,591
185.199.108.100,port_80_open,592
185.199.108.101,port_80_open,593
185.199.108.102,port_80_open,594
185.199.108.103,port_80_open,595
185.199.108.104,port_80_open,596
185.199.108.105,port_80_open,597
185.199.108.106,port_80_open,598
185.199.108.107,port_80_open,599
185.199.108.108,port_80_open,600
185.199.108.109,port_80_open,601
185.199.108.110,port_80_open,602
185.199.108.111,port_80_open,603
185.199.108.112,port_80_open,604
185.199.108.113,port_80_open,605
185.199.108.114,port_80_open,606
185.199.108.115,port_80_open,607
185.199.108.116,port_80_open,608
185.199.108.117,port_80_open,609
185.199.108.118,port_80_open,610
185.199.108.119,port_80_open,611
185.199.108.120,port_80_open,612
185.199.108.121,port_80_open,613
185.199.108.122,port_80_open,614
185.199.108.123,port_80_open,615
185.199.108.124,port_80_open,616
185.199.108.125,port_80_open,617
185.199.108.126,port_80_open,618
185.199.108.127,port_80_open,619
185.199.108.128,port_80_open,620
185.199.108.129,port_80_open,621
185.199.108.130,port_80_open,622
185.199.108.131,port_80_open,623
185.199.108.132,port_80_open,624
185.199.108.133,port_80_open,625
185.199.108.134,port_80_open,626
185.199.108.135,port_80_open,627
185.199.108.136,port_80_open,628
185.199.108.137,port_80_open,629
185.199.108.138,port_80_open,630
185.199.108.139,port_80_open,631
185.199.108.140,port_80_open,632
185.199.108.141,port_80_open,633
185.199.108.142,port_80_open,634
185.199.108.143,port_80_open,635
185.199.108.144,port_80_open,636
185.199.108.145,port_80_open,637
185.199.108.146,port_80_open,638
185.199.108.147,port_80_open,639
185.199.108.148,port_80_open,640
185.199.108.149,port_80_open,641
185.199.108.150,port_80_open,642
185.199.108.151,port_80_open,643
185.199.108.152,port_80_open,644
185.199.108.153,port_80_open,645
185.199.108.154,port_80_open,646
185.199.108.155,port_80_open,647
185.199.108.156,port_80_open,648
185.199.108.157,port_80_open,649
185.199.108.158,port_80_open,650
185.199.108.159,port_80_open,651
185.199.108.160,port_80_open,652
185.199.108.161,port_80_open,653
185.199.108.162,port_80_open,654
185.199.108.163,port_80_open,655
185.199.108.164,port_80_open,656
185.199.108.165,port_80_open,657
185.199.108.166,port_80_open,658
185.199.108.167,port_80_open,659
185.199.108.168,port_80_open,660
185.199.108.169,port_80_open,661
185.199.108.170,port_80_open,662
185.199.108.171,port_80_open,663
185.199.108.172,port_80_open,664
185.199.108.173,port_80_open,665
185.199.108.174,port_80_open,666
185.199.108.175,port_80_open,667
185.199.108.176,port_80_open,668
185.199.108.177,port_80_open,669
185.199.108.178,port_80_open,670
185.199.108.179,port_80_open,671
185.199.108.180,port_80_open,672
185.199.108.181,port_80_open,673
185.199.108.182,port_80_open,674
185.199.108.183,port_80_open,675
185.199.108.184,port_80_open,676
185.199.108.185,port_80_open,677
185.199.108.186,port_80_open,678
185.199.108.187,port_80_open,679
185.199.108.188,port_80_open,680
185.199.108.189,port_80_open,681
185.199.108.190,port_80_open,682
185.199.108.191,port_80_open,683
185.199.108.192,port_80_open,684
185.199.108.193,port_80_open,685
185.199.108.194,port_80_open,686
185.199.108.195,port_80_open,687
185.199.108.196,port_80_open,688
185.199.108.197,port_80_open,689
185.199.108.198,port_80_open,690
185.199.108.199,port_80_open,691
20.0.40.244,port_80_open,304
20.1.235.112,port_80_open,368
20.2.20.100,port_80_open,142
20.3.92.4,port_443_open,119
20.3.255.212,port_22_open,490
20.8.61.22,port_80_open,111
20.8.122.132,port_443_open,282
20.8.224.230,port_80_open,482
20.9.50.206,port_8443_open,285
20.9.112.60,port_443_open,201
20.10.101.244,port_8000_open,375
20.12.101.222,port_80_open,355
20.13.234.236,port_80_open,503
20.14.19.224,port_80_open,277
40.64.107.118,port_443_open,329
40.65.178.246,port_80_open,529
40.67.219.158,port_80_open,484
69.171.250.26,port_443_open,516
69.171.250.44,port_443_open,534
69.171.250.52,port_443_open,542
69.171.250.56,port_443_open,546
31.13.64.5,port_80_open,113
31.13.64.10,port_80_open,118
31.13.64.15,port_443_open,123
31.13.64.20,port_80_open,128
31.13.64.35,port_80_open,143
31.13.64.40,port_80_open,148
31.13.64.55,port_80_open,163
31.13.64.60,port_80_open,168
31.13.64.135,port_443_open,243
31.13.64.160,port_443_open,268
31.13.64.170,port_443_open,278
31.13.64.175,port_80_open,283
31.13.64.200,port_443_open,308
31.13.64.205,port_443_open,313
31.13.64.210,port_443_open,318
31.13.64.220,port_443_open,328
31.13.64.225,port_80_open,333
31.13.65.9,port_80_open,118
31.13.65.14,port_80_open,123
31.13.65.19,port_80_open,128
31.13.65.29,port_80_open,138
31.13.65.34,port_443_open,143
31.13.65.39,port_8080_open,148
31.13.65.49,port_80_open,158
31.13.65.54,port_80_open,163
31.13.65.59,port_443_open,168
31.13.65.129,port_443_open,238
31.13.65.134,port_80_open,243
31.13.65.169,port_80_open,278
31.13.65.174,port_80_open,283
31.13.65.199,port_443_open,308
31.13.65.209,port_443_open,318
31.13.65.214,port_443_open,323
31.13.65.224,port_443_open,333
31.13.66.3,port_80_open,113
31.13.66.8,port_443_open,118
31.13.66.18,port_80_open,128
31.13.66.28,port_80_open,138
31.13.66.33,port_80_open,143
31.13.66.38,port_80_open,148
31.13.66.48,port_80_open,158
31.13.66.58,port_80_open,168
31.13.66.133,port_443_open,243
31.13.66.143,port_443_open,253
31.13.66.168,port_443_open,278
31.13.66.173,port_443_open,283
31.13.66.193,port_80_open,303
31.13.66.198,port_443_open,308
31.13.66.203,port_80_open,313
31.13.66.208,port_443_open,318
31.13.66.223,port_443_open,333
31.13.66.228,port_443_open,338
31.13.67.2,port_443_open,113
31.13.67.12,port_443_open,123
31.13.67.17,port_80_open,128
31.13.67.22,port_443_open,133
31.13.67.32,port_443_open,143
31.13.67.37,port_80_open,148
31.13.67.42,port_443_open,153
31.13.67.52,port_80_open,163
31.13.67.142,port_443_open,253
31.13.67.167,port_80_open,278
31.13.67.172,port_80_open,283
31.13.67.192,port_443_open,303
31.13.67.202,port_443_open,313
31.13.67.222,port_443_open,333
208.80.152.131,port_443_open,571
103.102.166.5,port_443_open,376
103.102.166.6,port_22_open,377
103.102.166.14,port_443_open,385
103.102.166.20,port_80_open,391
205.251.192.0,port_53_open,648
205.251.192.5,port_53_open,653
205.251.192.10,port_53_open,658
205.251.192.15,port_53_open,663
205.251.192.20,port_53_open,668
205.251.192.25,port_53_open,673
205.251.192.30,port_53_open,678
205.251.192.35,port_53_open,683
205.251.192.40,port_53_open,688
205.251.192.45,port_53_open,693
205.251.192.50,port_53_open,698
205.251.192.55,port_53_open,703
205.251.192.60,port_53_open,708
205.251.192.65,port_53_open,713
205.251.192.70,port_53_open,718
205.251.192.75,port_53_open,723
205.251.192.80,port_53_open,728
205.251.192.85,port_53_open,733
205.251.192.90,port_53_open,738
205.251.192.95,port_53_open,743
205.251.192.100,port_53_open,748
205.251.192.105,port_53_open,753
205.251.192.110,port_53_open,758
205.251.192.115,port_53_open,763
205.251.192.120,port_53_open,768
205.251.192.125,port_53_open,773
205.251.192.130,port_53_open,778
205.251.192.135,port_53_open,783
205.251.192.140,port_53_open,788
205.251.192.145,port_53_open,793
205.251.192.150,port_53_open,798
205.251.192.155,port_53_open,803
205.251.192.160,port_53_open,808
205.251.192.165,port_53_open,813
205.251.192.170,port_53_open,818
205.251.192.175,port_53_open,823
205.251.192.180,port_53_open,828
205.251.192.185,port_53_open,833
205.251.192.190,port_53_open,838
205.251.192.195,port_53_open,843
205.251.192.200,port_53_open,848
205.251.192.205,port_53_open,853
205.251.192.210,port_53_open,858
205.251.192.215,port_53_open,863
205.251.192.220,port_53_open,868
205.251.192.225,port_53_open,873
205.251.192.230,port_53_open,878
205.251.192.235,port_53_open,883
205.251.192.240,port_53_open,888
205.251.192.245,port_53_open,893
205.251.192.250,port_53_open,898
205.251.192.255,port_53_open,903
205.251.193.4,port_53_open,653
205.251.193.9,port_53_open,658
205.251.193.14,port_53_open,663
205.251.193.19,port_53_open,668
205.251.193.24,port_53_open,673
205.251.193.29,port_53_open,678
205.251.193.34,port_53_open,683
205.251.193.39,port_53_open,688
205.251.193.44,port_53_open,693
205.251.193.49,port_53_open,698
205.251.193.54,port_53_open,703
205.251.193.59,port_53_open,708
205.251.193.64,port_53_open,713
205.251.193.69,port_53_open,718
205.251.193.74,port_53_open,723
205.251.193.79,port_53_open,728
205.251.193.84,port_53_open,733
205.251.193.89,port_53_open,738
205.251.193.94,port_53_open,743
205.251.193.99,port_53_open,748
205.251.193.104,port_53_open,753
205.251.193.109,port_53_open,758
205.251.193.114,port_53_open,763
205.251.193.119,port_53_open,768
205.251.193.124,port_53_open,773
205.251.193.129,port_53_open,778
205.251.193.134,port_53_open,783
205.251.193.139,port_53_open,788
205.251.193.144,port_53_open,793
205.251.193.149,port_53_open,798
205.251.193.154,port_53_open,803
205.251.193.159,port_53_open,808
205.251.193.164,port_53_open,813
205.251.193.169,port_53_open,818
205.251.193.174,port_53_open,823
205.251.193.179,port_53_open,828
205.251.193.184,port_53_open,833
205.251.193.189,port_53_open,838
205.251.193.194,port_53_open,843
205.251.193.199,port_53_open,848
205.251.193.204,port_53_open,853
205.251.193.209,port_53_open,858
205.251.193.214,port_53_open,863
205.251.193.219,port_53_open,868
205.251.193.224,port_53_open,873
205.251.193.229,port_53_open,878
205.251.193.234,port_53_open,883
205.251.193.239,port_53_open,888
205.251.193.244,port_53_open,893
205.251.193.249,port_53_open,898
205.251.193.254,port_53_open,903
205.251.194.3,port_53_open,653
205.251.194.8,port_53_open,658
205.251.194.13,port_53_open,663
205.251.194.18,port_53_open,668
205.251.194.23,port_53_open,673
205.251.194.28,port_53_open,678
205.251.194.33,port_53_open,683
205.251.194.38,port_53_open,688
205.251.194.43,port_53_open,693
205.251.194.48,port_53_open,698
205.251.194.53,port_53_open,703
205.251.194.58,port_53_open,708
205.251.194.63,port_53_open,713
205.251.194.68,port_53_open,718
205.251.194.73,port_53_open,723
205.251.194.78,port_53_open,728
205.251.194.83,port_53_open,733
205.251.194.88,port_53_open,738
205.251.194.93,port_53_open,743
205.251.194.98,port_53_open,748
205.251.194.103,port_53_open,753
205.251.194.108,port_53_open,758
205.251.194.113,port_53_open,763
205.251.194.118,port_53_open,768
205.251.194.123,port_53_open,773
205.251.194.128,port_53_open,778
205.251.194.133,port_53_open,783
205.251.194.138,port_53_open,788
205.251.194.143,port_53_open,793
205.251.194.148,port_53_open,798
205.251.194.153,port_53_open,803
205.251.194.158,port_53_open,808
205.251.194.163,port_53_open,813
205.251.194.168,port_53_open,818
205.251.194.173,port_53_open,823
205.251.194.178,port_53_open,828
205.251.194.183,port_53_open,833
205.251.194.188,port_53_open,838
205.251.194.193,port_53_open,843
205.251.194.198,port_53_open,848
205.251.194.203,port_53_open,853
205.251.194.208,port_53_open,858
205.251.194.213,port_53_open,863
205.251.194.218,port_53_open,868
205.251.194.223,port_53_open,873
205.251.194.228,port_53_open,878
205.251.194.233,port_53_open,883
205.251.194.238,port_53_open,888
205.251.194.243,port_53_open,893
205.251.194.248,port_53_open,898
205.251.194.253,port_53_open,903
205.251.195.2,port_53_open,653
205.251.195.7,port_53_open,658
205.251.195.12,port_53_open,663
205.251.195.17,port_53_open,668
205.251.195.22,port_53_open,673
205.251.195.27,port_53_open,678
205.251.195.32,port_53_open,683
205.251.195.37,port_53_open,688
205.251.195.42,port_53_open,693
205.251.195.47,port_53_open,698
205.251.195.52,port_53_open,703
205.251.195.57,port_53_open,708
205.251.195.62,port_53_open,713
205.251.195.67,port_53_open,718
205.251.195.72,port_53_open,723
205.251.195.77,port_53_open,728
205.251.195.82,port_53_open,733
205.251.195.87,port_53_open,738
205.251.195.92,port_53_open,743
205.251.195.97,port_53_open,748
205.251.195.102,port_53_open,753
205.251.195.107,port_53_open,758
205.251.195.112,port_53_open,763
205.251.195.117,port_53_open,768
205.251.195.122,port_53_open,773
205.251.195.127,port_53_open,778
205.251.195.132,port_53_open,783
205.251.195.137,port_53_open,788
205.251.195.142,port_53_open,793
205.251.195.147,port_53_open,798
205.251.195.152,port_53_open,803
205.251.195.157,port_53_open,808
205.251.195.162,port_53_open,813
205.251.195.167,port_53_open,818
205.251.195.172,port_53_open,823
205.251.195.177,port_53_open,828
205.251.195.182,port_53_open,833
205.251.195.187,port_53_open,838
205.251.195.192,port_53_open,843
205.251.195.197,port_53_open,848
205.251.195.202,port_53_open,853
205.251.195.207,port_53_open,858
205.251.195.212,port_53_open,863
205.251.195.217,port_53_open,868
205.251.195.222,port_53_open,873
205.251.195.227,port_53_open,878
54.230.6.4,port_80_open,294
54.230.6.24,port_80_open,314
54.230.6.44,port_80_open,334
54.230.6.64,port_80_open,354
54.230.6.84,port_80_open,374
54.230.6.104,port_80_open,394
54.230.6.124,port_80_open,414
54.230.6.144,port_80_open,434
54.230.6.164,port_80_open,454
54.230.6.184,port_80_open,474
54.230.6.204,port_80_open,494
54.230.6.224,port_80_open,514
54.230.6.244,port_80_open,534
54.230.7.8,port_80_open,299
54.230.7.28,port_80_open,319
54.230.7.48,port_80_open,339
54.230.7.68,port_80_open,359
54.230.7.88,port_80_open,379
54.230.7.108,port_80_open,399
54.230.7.128,port_80_open,419
54.230.7.148,port_80_open,439
54.230.7.168,port_80_open,459
54.230.7.188,port_80_open,479
54.230.7.208,port_80_open,499
54.230.7.228,port_80_open,519
54.230.7.248,port_80_open,539
54.230.8.12,port_80_open,304
54.230.8.32,port_80_open,324
54.230.8.52,port_80_open,344
54.230.8.72,port_80_open,364
54.230.8.92,port_80_open,384
54.230.8.112,port_80_open,404
54.230.8.132,port_80_open,424
54.230.8.152,port_80_open,444
54.230.8.172,port_80_open,464
54.230.8.192,port_80_open,484
54.230.8.212,port_80_open,504
54.230.8.232,port_80_open,524
54.230.8.252,port_80_open,544
54.230.9.16,port_80_open,309
54.230.9.36,port_80_open,329
54.230.9.56,port_80_open,349
54.230.9.76,port_80_open,369
54.230.9.96,port_80_open,389
54.230.9.116,port_80_open,409
54.230.9.136,port_80_open,429
54.230.9.156,port_80_open,449
54.230.9.176,port_80_open,469
54.230.9.196,port_80_open,489
54.230.9.216,port_80_open,509
54.230.9.236,port_80_open,529
54.230.10.0,port_80_open,294
54.230.10.20,port_80_open,314
54.230.10.40,port_80_open,334
54.230.10.60,port_80_open,354
54.230.10.80,port_80_open,374
54.230.10.100,port_80_open,394
54.230.10.120,port_80_open,414
54.230.10.140,port_80_open,434
54.230.10.160,port_80_open,454
54.230.10.180,port_80_open,474
54.230.10.200,port_80_open,494
54.230.10.220,port_80_open,514
54.230.10.240,port_80_open,534
54.230.11.4,port_80_open,299
54.230.11.24,port_80_open,319
54.230.11.44,port_80_open,339
54.230.11.64,port_80_open,359
54.230.11.84,port_80_open,379
54.230.11.104,port_80_open,399
54.230.11.124,port_80_open,419
54.230.11.144,port_80_open,439
54.230.11.164,port_80_open,459
54.230.11.184,port_80_open,479
54.230.11.204,port_80_open,499
54.230.11.224,port_80_open,519
54.230.11.244,port_80_open,539
99.84.0.0,port_80_open,183
99.84.0.20,port_80_open,203
99.84.0.40,port_80_open,223
99.84.0.60,port_80_open,243
99.84.0.80,port_80_open,263
99.84.0.100,port_80_open,283
99.84.0.120,port_80_open,303
99.84.0.140,port_80_open,323
99.84.0.160,port_80_open,343
99.84.0.180,port_80_open,363
99.84.0.200,port_80_open,383
99.84.0.220,port_80_open,403
99.84.0.240,port_80_open,423
99.84.2.8,port_80_open,193
99.84.2.28,port_80_open,213
99.84.2.48,port_80_open,233
99.84.2.68,port_80_open,253
99.84.2.88,port_80_open,273
99.84.2.108,port_80_open,293
99.84.2.128,port_80_open,313
99.84.2.148,port_80_open,333
99.84.2.168,port_80_open,353
99.84.2.188,port_80_open,373
99.84.2.208,port_80_open,393
99.84.2.228,port_80_open,413
99.84.2.248,port_80_open,433
99.84.3.12,port_80_open,198
99.84.3.32,port_80_open,218
99.84.3.52,port_80_open,238
99.84.3.72,port_80_open,258
99.84.3.92,port_80_open,278
99.84.3.112,port_80_open,298
99.84.3.132,port_80_open,318
99.84.3.152,port_80_open,338
99.84.3.172,port_80_open,358
99.84.3.192,port_80_open,378
99.84.3.212,port_80_open,398
99.84.3.232,port_80_open,418
99.84.3.252,port_80_open,438
99.84.4.16,port_80_open,203
99.84.4.36,port_80_open,223
99.84.4.56,port_80_open,243
99.84.4.76,port_80_open,263
99.84.4.96,port_80_open,283
99.84.4.116,port_80_open,303
99.84.4.136,port_80_open,323
99.84.4.156,port_80_open,343
99.84.4.176,port_80_open,363
99.84.4.196,port_80_open,383
99.84.4.216,port_80_open,403
99.84.4.236,port_80_open,423
99.84.5.0,port_80_open,188
99.84.5.20,port_80_open,208
99.84.5.40,port_80_open,228
99.84.5.60,port_80_open,248
99.84.5.80,port_80_open,268
99.84.5.100,port_80_open,288
99.84.5.120,port_80_open,308
99.84.5.140,port_80_open,328
99.84.5.160,port_80_open,348
99.84.5.180,port_80_open,368
99.84.5.200,port_80_open,388
99.84.5.220,port_80_open,408
99.84.5.240,port_80_open,428
99.84.6.4,port_80_open,193
99.84.6.24,port_80_open,213
99.84.6.44,port_80_open,233
99.84.6.64,port_80_open,253
99.84.6.84,port_80_open,273
99.84.6.104,port_80_open,293
99.84.6.124,port_80_open,313
99.84.6.144,port_80_open,333
99.84.6.164,port_80_open,353
99.84.6.184,port_80_open,373
99.84.6.204,port_80_open,393
99.84.6.224,port_80_open,413
99.84.6.244,port_80_open,433
99.84.7.8,port_80_open,198
99.84.7.28,port_80_open,218
99.84.7.48,port_80_open,238
99.84.7.68,port_80_open,258
99.84.7.88,port_80_open,278
99.84.7.108,port_80_open,298
99.84.7.128,port_80_open,318
99.84.7.148,port_80_open,338
99.84.7.168,port_80_open,358
99.84.7.188,port_80_open,378
99.84.7.208,port_80_open,398
99.84.7.228,port_80_open,418
99.84.7.248,port_80_open,438
99.84.8.12,port_80_open,203
99.84.8.32,port_80_open,223
99.84.8.52,port_80_open,243
99.84.8.72,port_80_open,263
99.84.8.92,port_80_open,283
99.84.8.112,port_80_open,303
99.84.8.132,port_80_open,323
99.84.8.152,port_80_open,343
99.84.8.172,port_80_open,363
99.84.8.192,port_80_open,383
99.84.8.212,port_80_open,403
99.84.8.232,port_80_open,423
99.84.8.252,port_80_open,443
99.84.9.16,port_80_open,208
99.84.9.36,port_80_open,228
99.84.9.56,port_80_open,248
99.84.9.76,port_80_open,268
99.84.9.96,port_80_open,288
99.84.9.116,port_80_open,308
99.84.9.136,port_80_open,328
99.84.9.156,port_80_open,348
99.84.9.176,port_80_open,368
99.84.9.196,port_80_open,388
99.84.9.216,port_80_open,408
99.84.9.236,port_80_open,428
99.84.10.0,port_80_open,193
99.84.10.20,port_80_open,213
99.84.10.40,port_80_open,233
99.84.10.60,port_80_open,253
99.84.10.80,port_80_open,273
99.84.10.100,port_80_open,293
99.84.10.120,port_80_open,313
99.84.10.140,port_80_open,333
99.84.10.160,port_80_open,353
99.84.10.180,port_80_open,373
99.84.10.200,port_80_open,393
99.84.10.220,port_80_open,413
99.84.10.240,port_80_open,433
99.84.11.4,port_80_open,198
99.84.11.24,port_80_open,218
99.84.11.44,port_80_open,238
99.84.11.64,port_80_open,258
99.84.11.84,port_80_open,278
99.84.11.104,port_80_open,298
99.84.11.124,port_80_open,318
99.84.11.144,port_80_open,338
99.84.11.164,port_80_open,358
99.84.11.184,port_80_open,378
99.84.11.204,port_80_open,398
99.84.11.224,port_80_open,418
99.84.11.244,port_80_open,438
99.84.12.8,port_80_open,203
99.84.12.28,port_80_open,223
99.84.12.48,port_80_open,243
99.84.12.68,port_80_open,263
99.84.12.88,port_80_open,283
99.84.12.108,port_80_open,303
99.84.12.128,port_80_open,323
99.84.12.148,port_80_open,343
99.84.12.168,port_80_open,363
99.84.12.188,port_80_open,383
99.84.12.208,port_80_open,403
99.84.12.228,port_80_open,423
99.84.12.248,port_80_open,443
99.84.13.12,port_80_open,208
99.84.13.32,port_80_open,228
99.84.13.52,port_80_open,248
99.84.13.72,port_80_open,268
99.84.13.92,port_80_open,288
99.84.13.112,port_80_open,308
99.84.13.132,port_80_open,328
99.84.13.152,port_80_open,348
99.84.13.172,port_80_open,368
99.84.13.192,port_80_open,388
99.84.13.212,port_80_open,408
99.84.13.232,port_80_open,428
99.84.13.252,port_80_open,448
99.84.14.16,port_80_open,213
99.84.14.36,port_80_open,233
99.84.14.56,port_80_open,253
99.84.14.76,port_80_open,273
99.84.14.96,port_80_open,293
99.84.14.116,port_80_open,313
99.84.14.136,port_80_open,333
99.84.14.156,port_80_open,353
99.84.14.176,port_80_open,373
99.84.14.196,port_80_open,393
99.84.14.216,port_80_open,413
99.84.14.236,port_80_open,433
99.84.15.0,port_80_open,198
99.84.15.20,port_80_open,218
99.84.15.40,port_80_open,238
99.84.15.60,port_80_open,258
99.84.15.80,port_80_open,278
99.84.15.100,port_80_open,298
99.84.15.120,port_80_open,318
99.84.15.140,port_80_open,338
204.79.197.1,port_80_open,481
204.79.197.2,port_80_open,482
23.0.20.122,port_80_open,165
23.0.184.74,port_80_open,281
23.0.204.196,port_80_open,423
23.0.245.184,port_80_open,452
23.1.10.50,port_80_open,84
23.1.30.172,port_80_open,226
23.1.51.38,port_80_open,113
23.1.71.160,port_80_open,255
23.1.92.26,port_80_open,142
23.1.174.2,port_80_open,200
23.1.214.246,port_80_open,484
23.2.81.210,port_80_open,316
23.2.143.64,port_80_open,232
23.2.184.52,port_80_open,261
23.2.225.40,port_80_open,290
23.3.51.16,port_80_open,93
23.3.194.102,port_80_open,322
23.3.255.212,port_80_open,493
23.4.40.200,port_80_open,267
23.4.61.66,port_80_open,154
23.4.143.42,port_80_open,212
23.4.184.30,port_80_open,241
23.5.10.6,port_80_open,44
23.5.30.128,port_80_open,186
23.5.153.92,port_80_open,273
23.5.255.190,port_80_open,473
23.6.102.32,port_80_open,163
23.6.184.8,port_80_open,221
23.6.204.130,port_80_open,363
23.6.224.252,port_80_open,505
23.6.245.118,port_80_open,392
23.7.9.240,port_80_open,279
23.7.30.106,port_80_open,166
23.7.50.228,port_80_open,308
23.7.71.94,port_80_open,195
23.7.112.82,port_80_open,224
23.7.132.204,port_80_open,366
23.7.214.180,port_80_open,424
23.7.255.168,port_80_open,453
23.8.204.108,port_80_open,343
23.8.245.96,port_80_open,372
23.9.30.84,port_80_open,146
23.9.50.206,port_80_open,288
23.9.71.72,port_80_open,175
23.9.112.60,port_80_open,204
23.9.132.182,port_80_open,346
23.9.153.48,port_80_open,233
23.9.173.170,port_80_open,375
23.9.194.36,port_80_open,262
23.9.214.158,port_80_open,404
23.9.235.24,port_80_open,291
23.10.40.134,port_80_open,207
23.10.101.244,port_80_open,378
23.10.142.232,port_80_open,407
23.10.163.98,port_80_open,294
23.10.183.220,port_80_open,436
23.10.204.86,port_80_open,323
23.10.224.208,port_80_open,465
23.10.245.74,port_80_open,352
23.11.9.196,port_80_open,239
23.11.30.62,port_80_open,126
23.11.50.184,port_80_open,268
23.11.91.172,port_80_open,297
23.11.112.38,port_80_open,184
23.11.173.148,port_80_open,355
23.11.255.124,port_80_open,413
23.12.19.246,port_80_open,300
23.12.81.100,port_80_open,216
23.12.101.222,port_80_open,358
23.12.122.88,port_80_open,245
23.12.142.210,port_80_open,387
23.12.204.64,port_80_open,303
23.12.224.186,port_80_open,445
23.12.245.52,port_80_open,332
23.13.30.40,port_80_open,106
23.13.50.162,port_80_open,248
23.13.71.28,port_80_open,135
23.13.153.4,port_80_open,193
23.13.173.126,port_80_open,335
23.13.214.114,port_80_open,364
23.14.19.224,port_80_open,280
23.14.40.90,port_80_open,167
23.14.60.212,port_80_open,309
23.14.81.78,port_80_open,196
23.14.122.66,port_80_open,225
23.14.204.42,port_80_open,283
23.15.30.18,port_80_open,86
23.15.50.140,port_80_open,228
23.15.71.6,port_80_open,115
23.15.91.128,port_80_open,257
23.15.111.250,port_80_open,399
23.15.132.116,port_80_open,286
23.15.152.238,port_80_open,428
23.15.173.104,port_80_open,315
23.15.193.226,port_80_open,457
96.16.14.16,port_80_open,142
96.16.14.96,port_80_open,222
96.16.16.24,port_80_open,152
96.16.16.64,port_80_open,192
96.16.16.104,port_80_open,232
96.16.16.144,port_80_open,272
96.16.16.184,port_80_open,312
96.16.16.224,port_80_open,352
96.16.17.8,port_80_open,137
96.16.17.48,port_80_open,177
96.16.17.88,port_80_open,217
96.16.17.128,port_80_open,257
96.16.17.168,port_80_open,297
96.16.17.208,port_80_open,337
96.16.17.248,port_80_open,377
96.16.18.32,port_80_open,162
96.16.18.72,port_80_open,202
96.16.18.112,port_80_open,242
96.16.18.152,port_80_open,282
96.16.18.192,port_80_open,322
96.16.18.232,port_80_open,362
96.16.19.16,port_80_open,147
96.16.19.56,port_80_open,187
96.16.19.96,port_80_open,227
96.16.19.136,port_80_open,267
96.16.19.176,port_80_open,307
96.16.19.216,port_80_open,347
96.16.20.40,port_80_open,172
96.16.20.80,port_80_open,212
96.16.20.120,port_80_open,252
96.16.20.160,port_80_open,292
96.16.20.200,port_80_open,332
96.16.20.240,port_80_open,372
96.16.21.24,port_80_open,157
96.16.21.64,port_80_open,197
96.16.21.104,port_80_open,237
96.16.21.144,port_80_open,277
96.16.21.184,port_80_open,317
96.16.21.224,port_80_open,357
96.16.22.8,port_80_open,142
96.16.22.48,port_80_open,182
96.16.22.88,port_80_open,222
96.16.22.128,port_80_open,262
96.16.22.168,port_80_open,302
96.16.22.208,port_80_open,342
96.16.22.248,port_80_open,382
96.16.23.32,port_80_open,167
96.16.23.72,port_80_open,207
96.16.23.112,port_80_open,247
96.16.23.152,port_80_open,287
96.16.23.192,port_80_open,327
96.16.23.232,port_80_open,367
96.16.24.16,port_80_open,152
96.16.24.56,port_80_open,192
96.16.24.96,port_80_open,232
96.16.24.136,port_80_open,272
96.16.24.176,port_80_open,312
96.16.24.216,port_80_open,352
96.16.25.40,port_80_open,177
96.16.25.80,port_80_open,217
96.16.25.120,port_80_open,257
96.16.25.160,port_80_open,297
96.16.25.200,port_80_open,337
96.16.25.240,port_80_open,377
96.16.26.24,port_80_open,162
96.16.26.64,port_80_open,202
96.16.26.104,port_80_open,242
96.16.26.144,port_80_open,282
96.16.26.184,port_80_open,322
96.16.26.224,port_80_open,362
96.16.27.8,port_80_open,147
96.16.27.48,port_80_open,187
96.16.27.88,port_80_open,227
96.16.27.128,port_80_open,267
96.16.27.168,port_80_open,307
96.16.27.208,port_80_open,347
96.16.27.248,port_80_open,387
72.21.4.96,port_80_open,193
72.21.13.32,port_21_open,138
72.21.13.52,port_80_open,158
72.21.13.72,port_80_open,178
72.21.13.252,port_443_open,358
72.21.14.16,port_443_open,123
72.21.14.36,port_443_open,143
74.125.0.40,port_80_open,239
74.125.0.200,port_80_open,399
74.125.1.104,port_80_open,304
74.125.2.8,port_80_open,209
74.125.2.168,port_80_open,369
74.125.4.136,port_80_open,339
74.125.4.196,port_80_open,399
74.125.5.40,port_80_open,244
74.125.7.68,port_80_open,274
74.125.7.168,port_80_open,374
74.125.8.72,port_80_open,279
74.125.8.232,port_80_open,439
74.125.9.136,port_80_open,344
74.125.11.104,port_80_open,314
74.125.12.168,port_80_open,379
74.125.13.72,port_80_open,284
74.125.13.232,port_80_open,444
74.125.15.20,port_80_open,234
74.125.15.80,port_80_open,294
74.125.15.100,port_80_open,314
74.125.15.140,port_80_open,354
216.58.192.76,port_443_open,542
216.58.192.108,port_443_open,574
